
<?xml version="1.0" encoding="UTF-8" standalone="yes"?>
<addon id="repository.chema-mstr" name="chema-mstr Repo1" version="1.0.0" provider-name="Chemai">
	<extension point="xbmc.addon.repository" name="chema-mstr Repo1">
		<info compressed="false">https://raw.githubusercontent.com/Chemai/principal/master/addons.xml</info>
		<checksum>https://raw.githubusercontent.com/Chemai/principal/master/addons.xml.md5</checksum>
		<datadir zip="true">https://raw.githubusercontent.com/Chemai/principal/master</datadir>
	</extension>
	<extension point="xbmc.addon.metadata">
		<summary>chema-mAstEr Repo 1 prueba</summary>
   		<description lang="en">Instala los Addons de prueba</description>
		<disclaimer></disclaimer>
		<platform>all</platform>
	</extension>
</addon>





