<?xml version="1.0" encoding="UTF-8" standalone="yes"?>
<addon id="plugin.program.AznKodiAddonCreator" name="*AznKodi [COLOR cyan]Add-on Creator[/COLOR]" version="1.0.0" provider-name="AznKodi">
    <requires>
    </requires>
    <extension point="xbmc.python.pluginsource"
               library="default.py">
        <provides>executable</provides>
    </extension>
    <extension point="xbmc.addon.metadata">
        <summary>XBMC/Kodi add-on creator</summary>
        <description>
Use this add-on creator to make your own favorite XBMC/Kodi addons to use with[COLOR red][B] m3u and/or xml playlists (NO REGEX)[/B][/COLOR]

Dùng addon creator này để tạo ra các XBMC/Kodi addons theo sở thích dùng chung với[COLOR red][B] danh sách m3u và/hoặc xml (NO REGEX)[/B][/COLOR]		
		</description>
		<disclaimer></disclaimer>		
		<platform>all</platform>
		<license>http://www.gnu.org/licenses/</license>
		<forum></forum>
		<website></website>    
		<email></email>
		<mainsource>https://github.com/AznKodi/repository.AznKodi</mainsource>    
		<source></source> 		
    </extension>
</addon>